<?xml version="1.0"?>
<!--<!DOCTYPE metadata SYSTEM "http://www.esri.com/metadata/esriprof80.dtd">-->
<metadata xml:lang="en"><Esri><CreaDate>20061123</CreaDate><CreaTime>10453300</CreaTime><SyncOnce>FALSE</SyncOnce><SyncDate>20130603</SyncDate><SyncTime>11425900</SyncTime><ModDate>20130603</ModDate><ModTime>11425900</ModTime><MetaID>{2A90A007-C04B-413A-A9B9-73F74B34CC31}</MetaID><DataProperties><lineage><Process Name="RepairGeometry_2" ToolSource="C:\Program Files\ArcGIS\ArcToolbox\Toolboxes\Data Management Tools.tbx\RepairGeometry" Date="20061123" Time="152446">RepairGeometry O:\marine\data\bioregionalisation\data\imcra4_meso.shp O:\marine\data\bioregionalisation\data\imcra4_meso.shp</Process></lineage><itemProps><itemName Sync="TRUE">imcra4_meso</itemName><imsContentType Sync="TRUE">002</imsContentType><nativeExtBox><westBL Sync="TRUE">112.226159</westBL><eastBL Sync="TRUE">153.900444</eastBL><southBL Sync="TRUE">-44.134865</southBL><northBL Sync="TRUE">-9.131882</northBL><exTypeCode Sync="TRUE">1</exTypeCode></nativeExtBox><itemSize Sync="TRUE">5.201</itemSize><itemLocation><linkage Sync="TRUE">file://\\pvac01file03\erin_share$\Marine\data\bioregionalisation\imcra\imcra4\data\imcra4_meso.shp</linkage><protocol Sync="TRUE">Local Area Network</protocol></itemLocation></itemProps><coordRef><type Sync="TRUE">Geographic</type><geogcsn Sync="TRUE">GCS_GDA_1994</geogcsn><csUnits Sync="TRUE">Angular Unit: Degree (0.017453)</csUnits><peXml Sync="TRUE">&lt;GeographicCoordinateSystem xsi:type='typens:GeographicCoordinateSystem' xmlns:xsi='http://www.w3.org/2001/XMLSchema-instance' xmlns:xs='http://www.w3.org/2001/XMLSchema' xmlns:typens='http://www.esri.com/schemas/ArcGIS/10.0'&gt;&lt;WKT&gt;GEOGCS[&amp;quot;GCS_GDA_1994&amp;quot;,DATUM[&amp;quot;D_GDA_1994&amp;quot;,SPHEROID[&amp;quot;GRS_1980&amp;quot;,6378137.0,298.257222101]],PRIMEM[&amp;quot;Greenwich&amp;quot;,0.0],UNIT[&amp;quot;Degree&amp;quot;,0.0174532925199433],AUTHORITY[&amp;quot;EPSG&amp;quot;,4283]]&lt;/WKT&gt;&lt;XOrigin&gt;-399.99999999999989&lt;/XOrigin&gt;&lt;YOrigin&gt;-399.99999999999989&lt;/YOrigin&gt;&lt;XYScale&gt;11258999068426.24&lt;/XYScale&gt;&lt;ZOrigin&gt;-100000&lt;/ZOrigin&gt;&lt;ZScale&gt;10000&lt;/ZScale&gt;&lt;MOrigin&gt;-100000&lt;/MOrigin&gt;&lt;MScale&gt;10000&lt;/MScale&gt;&lt;XYTolerance&gt;8.9831528411952117e-009&lt;/XYTolerance&gt;&lt;ZTolerance&gt;0.001&lt;/ZTolerance&gt;&lt;MTolerance&gt;0.001&lt;/MTolerance&gt;&lt;HighPrecision&gt;true&lt;/HighPrecision&gt;&lt;LeftLongitude&gt;-180&lt;/LeftLongitude&gt;&lt;WKID&gt;4283&lt;/WKID&gt;&lt;/GeographicCoordinateSystem&gt;</peXml></coordRef></DataProperties></Esri><idinfo><citation><citeinfo><onlink Sync="TRUE">\\ACT01VFPCL04\ERIN_SHARE$\Marine\data\bioregionalisation\imcra\imcra4\data\imcra4_meso</onlink><origin>REQUIRED: The name of an organization or individual that developed the data set.</origin><pubdate>REQUIRED: The date when the data set is published or otherwise made available for release.</pubdate><title>Integrated Marine and Coastal Regionalisation of Australia (IMCRA) v4.0 - Meso-scale Bioregions</title><ftname Sync="TRUE">imcra4_meso</ftname><geoform Sync="TRUE">vector digital data</geoform></citeinfo></citation><native Sync="TRUE">Microsoft Windows XP Version 5.1 (Build 2600) Service Pack 3; ESRI ArcCatalog 9.3.1.3000</native><descript><langdata Sync="TRUE">en</langdata><abstract>REQUIRED: A brief narrative summary of the data set.</abstract><purpose>REQUIRED: A summary of the intentions with which the data set was developed.</purpose></descript><timeperd><current>REQUIRED: The basis on which the time period of content information is determined.</current><timeinfo><sngdate><caldate>REQUIRED: The year (and optionally month, or month and day) for which the data set corresponds to the ground.</caldate></sngdate></timeinfo></timeperd><status><progress>REQUIRED: The state of the data set.</progress><update>REQUIRED: The frequency with which changes and additions are made to the data set after the initial data set is completed.</update></status><spdom><bounding><westbc Sync="TRUE">112.226159</westbc><eastbc Sync="TRUE">153.900444</eastbc><northbc Sync="TRUE">-9.131882</northbc><southbc Sync="TRUE">-44.134865</southbc></bounding><lboundng><leftbc Sync="TRUE">112.226159</leftbc><rightbc Sync="TRUE">153.900444</rightbc><bottombc Sync="TRUE">-44.134865</bottombc><topbc Sync="TRUE">-9.131882</topbc></lboundng></spdom><keywords><theme><themekt>REQUIRED: Reference to a formally registered thesaurus or a similar authoritative source of theme keywords.</themekt><themekey>REQUIRED: Common-use word or phrase used to describe the subject of the data set.</themekey></theme></keywords><accconst>REQUIRED: Restrictions and legal prerequisites for accessing the data set.</accconst><useconst>REQUIRED: Restrictions and legal prerequisites for using the data set after access is granted.</useconst><natvform Sync="TRUE">Shapefile</natvform></idinfo><distInfo><distFormat><formatName Sync="TRUE">Shapefile</formatName></distFormat><distTranOps><transSize Sync="TRUE">5.201</transSize></distTranOps><distributor><distorCont><rpOrgName>Australian Government Department of Sustainability, Environment, Water, Population and Communities</rpOrgName><rpCntInfo><cntPhone><voiceNum>(02) 6274 1111</voiceNum><faxNum>(02) 6274 1333</faxNum></cntPhone><cntAddress><delPoint>GPO Box 787</delPoint><city>CANBERRA</city><adminArea>ACT</adminArea><postCode>2601</postCode><country>Australia</country><eMailAdd>metadata@environment.gov.au</eMailAdd></cntAddress><cntOnlineRes><linkage>http://www.environment.gov.au</linkage></cntOnlineRes></rpCntInfo><role><RoleCd value="005"></RoleCd></role></distorCont><distorFormat><formatName>Shapefile</formatName><formatVer>1</formatVer></distorFormat><distorTran><onLineSrc><linkage Sync="TRUE"></linkage><orDesc>003</orDesc></onLineSrc><onLineSrc><linkage>hhtp://www.environment.gov.au</linkage><orDesc>002</orDesc></onLineSrc></distorTran></distributor></distInfo><dataqual><lineage><procstep><procdesc Sync="TRUE">Dataset copied.</procdesc><srcused Sync="TRUE">o:\marine\rmp\all_rmps\boundaries\data\imcra4_dens</srcused><date Sync="TRUE">20061102</date><time Sync="TRUE">14183200</time></procstep><procstep><procdesc Sync="TRUE">Dataset copied.</procdesc><srcused Sync="TRUE">o:\marine\work\imcra4\data\imcra4_dens</srcused><date Sync="TRUE">20061108</date><time Sync="TRUE">16240900</time></procstep><procstep><procdesc Sync="TRUE">Dataset copied.</procdesc><srcused Sync="TRUE"></srcused><date Sync="TRUE">20061123</date><time Sync="TRUE">10453300</time></procstep><procstep><procdesc Sync="TRUE">Dataset moved.</procdesc><srcused Sync="TRUE">N:\Marine\data\bioregionalisation\data\imcra4_meso</srcused><procdate Sync="TRUE">20111208</procdate><proctime Sync="TRUE">11444600</proctime></procstep></lineage></dataqual><dataIdInfo><envirDesc Sync="TRUE">Microsoft Windows 7 Version 6.1 (Build 7600) ; ESRI ArcGIS 10.0.4.4000</envirDesc><dsFormat><formatName>Shapefile</formatName><formatVer>1</formatVer></dsFormat><spatRpType><SpatRepTypCd Sync="TRUE" value="001"></SpatRepTypCd></spatRpType><dataExt><geoEle><GeoBndBox esriExtentType="native"><westBL Sync="TRUE">112.226159</westBL><eastBL Sync="TRUE">153.900444</eastBL><northBL Sync="TRUE">-9.131882</northBL><southBL Sync="TRUE">-44.134865</southBL><exTypeCode Sync="TRUE">1</exTypeCode></GeoBndBox></geoEle></dataExt><geoBox esriExtentType="decdegrees"><westBL Sync="TRUE">112.226159</westBL><eastBL Sync="TRUE">153.900444</eastBL><northBL Sync="TRUE">-9.131882</northBL><southBL Sync="TRUE">-44.134865</southBL><exTypeCode Sync="TRUE">1</exTypeCode></geoBox><idAbs>An inshore regionalisation of Australian waters derived from biological and physical data, including the distribution of demersal fishes, marine plants and invertebrates, sea floor geomorphology and sediments, and oceanographic data.

The meso-scale regionalisation was compiled from information supplied to the Australian Government Department of Sustainability, Environment, Water, Population and Communities by the relevant State, Northern Territory and Commonwealth marine research and management agencies.

The seaward extent for the meso-scale IMCRA coverage is defined by the 200m isobath except where this boundary extends beyond the Australian Exclusive Economic Zone (AEEZ).</idAbs><resConst><LegConsts><useLimit>None.</useLimit><accessConsts><RestrictCd value="005"></RestrictCd></accessConsts><othConsts>The data are available to the public under licence from the Australian Government Department of Sustainability, Environment, Water, Population and Communities as part of the Commonwealth Spatial Data Access and Pricing Policy.</othConsts></LegConsts></resConst><idStatus><ProgCd value="001"></ProgCd></idStatus><resMaint><maintFreq><MaintFreqCd value="009"></MaintFreqCd></maintFreq></resMaint><dataExt><geoEle><GeoBndBox esriExtentType="search"><exTypeCode Sync="TRUE">1</exTypeCode><westBL Sync="TRUE">112.226159</westBL><eastBL Sync="TRUE">153.900444</eastBL><northBL Sync="TRUE">-9.131882</northBL><southBL Sync="TRUE">-44.134865</southBL></GeoBndBox></geoEle></dataExt><idCitation><resTitle>Integrated Marine and Coastal Regionalisation of Australia (IMCRA) v4.0 - Meso-scale Bioregions</resTitle><resAltTitle>N:\Marine\data\bioregionalisation\imcra\imcra4\data\imcra4_meso.shp</resAltTitle><resRefDate><refDate>19950301</refDate><refDateType><DateTypCd value="001"></DateTypCd></refDateType></resRefDate><resRefDate><refDate>20061101</refDate><refDateType><DateTypCd value="003"></DateTypCd></refDateType></resRefDate><citId><MdIdent><identCode>ISOCW0501002908</identCode></MdIdent></citId><citRespParty><rpOrgName>Australian Government Department of Sustainability, Environment, Water, Population and Communities</rpOrgName><rpPosName>Marine Data Manager</rpPosName><rpCntInfo><cntPhone><voiceNum>02 6274 1111</voiceNum><faxNum>02 6274 1666</faxNum></cntPhone><cntAddress><delPoint>GPO Box 787</delPoint><city>Canberra</city><adminArea>ACT</adminArea><postCode>2601</postCode><country>Australia</country><eMailAdd>marine.metadata@environment.gov.au</eMailAdd></cntAddress><cntOnlineRes><linkage>http://www.environment.gov.au/</linkage></cntOnlineRes></rpCntInfo><role><RoleCd value="002"></RoleCd></role></citRespParty><citRespParty><rpOrgName>Australian Government Department of Sustainability, Environment, Water, Population and Communities</rpOrgName><rpPosName>Metadata Publisher</rpPosName><rpCntInfo><cntPhone><voiceNum>(02) 6274 1111</voiceNum><faxNum>(02) 6274 1333</faxNum></cntPhone><cntAddress><delPoint>GPO Box 787</delPoint><city>CANBERRA</city><adminArea>ACT</adminArea><postCode>2601</postCode><country>Australia</country><eMailAdd>metadata@environment.gov.au</eMailAdd></cntAddress><cntOnlineRes><linkage>http://www.environment.gov.au/</linkage></cntOnlineRes></rpCntInfo><role><RoleCd value="010"></RoleCd></role></citRespParty><presForm><PresFormCd value="005" Sync="TRUE"></PresFormCd></presForm></idCitation><idPoC><rpOrgName>Australian Government Department of Sustainability, Environment, Water, Population and Communities</rpOrgName><rpPosName>Marine Data Manager</rpPosName><rpCntInfo><cntPhone><voiceNum>02 6274 1111</voiceNum><faxNum>02 6274 1666</faxNum></cntPhone><cntAddress><delPoint>GPO Box 787</delPoint><city>Canberra</city><adminArea>ACT</adminArea><postCode>2601</postCode><country>Australia</country><eMailAdd>marine.metadata@environment.gov.au</eMailAdd></cntAddress><cntOnlineRes><linkage>http://www.environment.gov.au/</linkage></cntOnlineRes></rpCntInfo><role><RoleCd value="007"></RoleCd></role></idPoC><descKeys><keyword>BOUNDARIES Biophysical_Classification</keyword><keyword>MARINE_Classification</keyword><keyword>MARINE_Management</keyword><keyword>MARINE Biology_Conservation</keyword><keyword>MARINE Geology and Geophysics_Classification</keyword><keyTyp><KeyTypCd value="005"></KeyTypCd></keyTyp><thesaName><resTitle>ANZLIC Search Words</resTitle><resRefDate><refDate>20080515</refDate><refDateType><DateTypCd value="003"></DateTypCd></refDateType></resRefDate><resEd>Version 2.1</resEd><resEdDate>20080515</resEdDate></thesaName></descKeys><dataScale><equScale><rfDenom>2500000</rfDenom></equScale></dataScale><tpCat><TopicCatCd value="014"></TopicCatCd></tpCat><suppInfo>not to be published</suppInfo><dataLang><languageCode value="en"></languageCode><countryCode value="AUS" Sync="TRUE"></countryCode></dataLang><dataChar><CharSetCd value="004"></CharSetCd></dataChar></dataIdInfo><metainfo><langmeta Sync="TRUE">en</langmeta><metstdn Sync="TRUE">FGDC Content Standards for Digital Geospatial Metadata</metstdn><metstdv Sync="TRUE">FGDC-STD-001-1998</metstdv><mettc Sync="TRUE">local time</mettc><metc><cntinfo><cntorgp><cntper>REQUIRED: The person responsible for the metadata information.</cntper><cntorg>REQUIRED: The organization responsible for the metadata information.</cntorg></cntorgp><cntaddr><addrtype>REQUIRED: The mailing and/or physical address for the organization or individual.</addrtype><city>REQUIRED: The city of the address.</city><state>REQUIRED: The state or province of the address.</state><postal>REQUIRED: The ZIP or other postal code of the address.</postal></cntaddr><cntvoice>REQUIRED: The telephone number by which individuals can speak to the organization or individual.</cntvoice></cntinfo></metc><metd Sync="TRUE">20110502</metd></metainfo><mdLang><languageCode Sync="TRUE" value="eng"></languageCode><countryCode value="AUS" Sync="TRUE"></countryCode></mdLang><mdStanName>ANZLIC Metadata Profile</mdStanName><mdStanVer>1.1</mdStanVer><mdChar><CharSetCd Sync="TRUE" value="004"></CharSetCd></mdChar><mdHrLv><ScopeCd Sync="TRUE" value="005"></ScopeCd></mdHrLv><mdHrLvName Sync="TRUE">dataset</mdHrLvName><distinfo><resdesc></resdesc><stdorder><digform><digtinfo><transize Sync="TRUE">5.201</transize><dssize Sync="TRUE">5.201</dssize></digtinfo></digform></stdorder></distinfo><spdoinfo><direct Sync="TRUE">Vector</direct><ptvctinf><esriterm><efeatyp Sync="TRUE">Simple</efeatyp><efeageom code="4" Sync="TRUE"></efeageom><esritopo Sync="TRUE">FALSE</esritopo><efeacnt Sync="TRUE">62</efeacnt><spindex Sync="TRUE">FALSE</spindex><linrefer Sync="TRUE">FALSE</linrefer></esriterm></ptvctinf></spdoinfo><spref><horizsys><cordsysn><geogcsn Sync="TRUE">GCS_GDA_1994</geogcsn></cordsysn><geograph><geogunit Sync="TRUE">Decimal degrees</geogunit><latres Sync="TRUE">0.000000</latres><longres Sync="TRUE">0.000000</longres></geograph><geodetic><horizdn Sync="TRUE">D_GDA_1994</horizdn><ellips Sync="TRUE">Geodetic Reference System 80</ellips><semiaxis Sync="TRUE">6378137.000000</semiaxis><denflat Sync="TRUE">298.257222</denflat></geodetic></horizsys><vertdef><altsys><altenc Sync="TRUE">Explicit elevation coordinate included with horizontal coordinates</altenc><altres Sync="TRUE">0.000010</altres></altsys></vertdef></spref><refSysInfo><RefSystem><refSysID><identCode Sync="TRUE" value="4283">GCS_GDA_1994</identCode><idCodeSpace Sync="TRUE">EPSG</idCodeSpace><idVersion Sync="TRUE">7.4.1</idVersion></refSysID></RefSystem></refSysInfo><spatRepInfo><VectSpatRep><geometObjs Name="imcra4_meso"><geoObjTyp><GeoObjTypCd value="002" Sync="TRUE"></GeoObjTypCd></geoObjTyp><geoObjCnt Sync="TRUE">62</geoObjCnt></geometObjs><topLvl><TopoLevCd value="001" Sync="TRUE"></TopoLevCd></topLvl></VectSpatRep></spatRepInfo><eainfo><detailed Name="imcra4_meso"><enttyp><enttypl Sync="TRUE">imcra4_meso</enttypl><enttypt Sync="TRUE">Feature Class</enttypt><enttypc Sync="TRUE">62</enttypc></enttyp><attr><attrlabl Sync="TRUE">FID</attrlabl><attalias Sync="TRUE">FID</attalias><attrtype Sync="TRUE">OID</attrtype><attwidth Sync="TRUE">4</attwidth><atprecis Sync="TRUE">0</atprecis><attscale Sync="TRUE">0</attscale><attrdef Sync="TRUE">Internal feature number.</attrdef><attrdefs Sync="TRUE">ESRI</attrdefs><attrdomv><udom Sync="TRUE">Sequential unique whole numbers that are automatically generated.</udom></attrdomv></attr><attr><attrlabl Sync="TRUE">Shape</attrlabl><attalias Sync="TRUE">Shape</attalias><attrtype Sync="TRUE">Geometry</attrtype><attwidth Sync="TRUE">0</attwidth><atprecis Sync="TRUE">0</atprecis><attscale Sync="TRUE">0</attscale><attrdef Sync="TRUE">Feature geometry.</attrdef><attrdefs Sync="TRUE">ESRI</attrdefs><attrdomv><udom Sync="TRUE">Coordinates defining the features.</udom></attrdomv></attr><attr><attrlabl Sync="TRUE">MESO_NAME</attrlabl><attalias Sync="TRUE">MESO_NAME</attalias><attrtype Sync="TRUE">String</attrtype><attwidth Sync="TRUE">30</attwidth><atprecis Sync="TRUE">0</atprecis><attscale Sync="TRUE">0</attscale></attr><attr><attrlabl Sync="TRUE">MESO_NUM</attrlabl><attalias Sync="TRUE">MESO_NUM</attalias><attrtype Sync="TRUE">Integer</attrtype><attwidth Sync="TRUE">9</attwidth><atprecis Sync="TRUE">9</atprecis><attscale Sync="TRUE">0</attscale></attr><attr><attrlabl Sync="TRUE">MESO_ABBR</attrlabl><attalias Sync="TRUE">MESO_ABBR</attalias><attrtype Sync="TRUE">String</attrtype><attwidth Sync="TRUE">4</attwidth><atprecis Sync="TRUE">0</atprecis><attscale Sync="TRUE">0</attscale></attr><attr><attrlabl Sync="TRUE">WATER_TYPE</attrlabl><attalias Sync="TRUE">WATER_TYPE</attalias><attrtype Sync="TRUE">String</attrtype><attwidth Sync="TRUE">30</attwidth><atprecis Sync="TRUE">0</atprecis><attscale Sync="TRUE">0</attscale></attr><attr><attrlabl Sync="TRUE">AREA_KM2</attrlabl><attalias Sync="TRUE">AREA_KM2</attalias><attrtype Sync="TRUE">Double</attrtype><attwidth Sync="TRUE">19</attwidth><atprecis Sync="TRUE">0</atprecis><attscale Sync="TRUE">0</attscale></attr></detailed><detailed Name="imcra4_meso.pat"><enttyp><enttypl Sync="TRUE">imcra4_meso.pat</enttypl><enttypt Sync="TRUE">Feature Class</enttypt><enttypc Sync="TRUE">3258</enttypc></enttyp><attr><attrlabl Sync="TRUE">FID</attrlabl><attalias Sync="TRUE">FID</attalias><attrtype Sync="TRUE">OID</attrtype><attwidth Sync="TRUE">4</attwidth><atprecis Sync="TRUE">0</atprecis><attscale Sync="TRUE">0</attscale><attrdef Sync="TRUE">Internal feature number.</attrdef><attrdefs Sync="TRUE">ESRI</attrdefs><attrdomv><udom Sync="TRUE">Sequential unique whole numbers that are automatically generated.</udom></attrdomv></attr><attr><attrlabl Sync="TRUE">Shape</attrlabl><attalias Sync="TRUE">Shape</attalias><attrtype Sync="TRUE">Geometry</attrtype><attwidth Sync="TRUE">0</attwidth><atprecis Sync="TRUE">0</atprecis><attscale Sync="TRUE">0</attscale><attrdef Sync="TRUE">Feature geometry.</attrdef><attrdefs Sync="TRUE">ESRI</attrdefs><attrdomv><udom Sync="TRUE">Coordinates defining the features.</udom></attrdomv></attr><attr><attrlabl Sync="TRUE">AREA</attrlabl><attwidth Sync="TRUE">30</attwidth><atoutwid Sync="TRUE">18</atoutwid><attrtype Sync="TRUE">String</attrtype><attrdef Sync="TRUE">Area of feature in internal units squared.</attrdef><attrdefs Sync="TRUE">ESRI</attrdefs><attrdomv><udom Sync="TRUE">Positive real numbers that are automatically generated.</udom></attrdomv></attr><attr><attrlabl Sync="TRUE">PERIMETER</attrlabl><attwidth Sync="TRUE">9</attwidth><atoutwid Sync="TRUE">18</atoutwid><attrtype Sync="TRUE">Number</attrtype><attrdef Sync="TRUE">Perimeter of feature in internal units.</attrdef><attrdefs Sync="TRUE">ESRI</attrdefs><attrdomv><udom Sync="TRUE">Positive real numbers that are automatically generated.</udom></attrdomv></attr><attr><attrlabl Sync="TRUE">IMCRA4_MESO#</attrlabl><attwidth Sync="TRUE">4</attwidth><atoutwid Sync="TRUE">5</atoutwid><attrtype Sync="TRUE">String</attrtype><attrdef Sync="TRUE">Internal feature number.</attrdef><attrdefs Sync="TRUE">ESRI</attrdefs><attrdomv><udom Sync="TRUE">Sequential unique whole numbers that are automatically generated.</udom></attrdomv></attr><attr><attrlabl Sync="TRUE">IMCRA4_MESO-ID</attrlabl><attwidth Sync="TRUE">30</attwidth><atoutwid Sync="TRUE">5</atoutwid><attrtype Sync="TRUE">String</attrtype><attrdef Sync="TRUE">User-defined feature number.</attrdef><attrdefs Sync="TRUE">ESRI</attrdefs></attr><attr><attrlabl Sync="TRUE">MESO_NAME</attrlabl><attwidth Sync="TRUE">19</attwidth><atoutwid Sync="TRUE">30</atoutwid><attrtype Sync="TRUE">Float</attrtype><atnumdec Sync="TRUE">11</atnumdec></attr><attr><attrlabl Sync="TRUE">MESO_NUM</attrlabl><attwidth Sync="TRUE">4</attwidth><atoutwid Sync="TRUE">5</atoutwid><attrtype Sync="TRUE">Binary</attrtype></attr><attr><attrlabl Sync="TRUE">MESO_ABBR</attrlabl><attwidth Sync="TRUE">4</attwidth><atoutwid Sync="TRUE">5</atoutwid><attrtype Sync="TRUE">Character</attrtype></attr><attr><attrlabl Sync="TRUE">WATER_TYPE</attrlabl><attwidth Sync="TRUE">30</attwidth><atoutwid Sync="TRUE">30</atoutwid><attrtype Sync="TRUE">Character</attrtype></attr><attr><attrlabl Sync="TRUE">AREA_KM2</attrlabl><attwidth Sync="TRUE">8</attwidth><atoutwid Sync="TRUE">18</atoutwid><attrtype Sync="TRUE">Float</attrtype><atnumdec Sync="TRUE">5</atnumdec></attr><attr><attrlabl Sync="TRUE">WATER_TYPE</attrlabl><attwidth Sync="TRUE">30</attwidth><atoutwid Sync="TRUE">30</atoutwid><attrtype Sync="TRUE">Character</attrtype></attr><attr><attrlabl Sync="TRUE">AREA_KM2</attrlabl><attwidth Sync="TRUE">8</attwidth><atoutwid Sync="TRUE">18</atoutwid><attrtype Sync="TRUE">Float</attrtype><atnumdec Sync="TRUE">5</atnumdec></attr></detailed></eainfo><mdDateSt>20130603</mdDateSt><mdFileID>2A90A007-C04B-413A-A9B9-73F74B34CC31</mdFileID><mdContact><rpOrgName>Australian Government Department of Sustainability, Environment, Water, Population and Communities</rpOrgName><rpPosName>Marine Data Manager</rpPosName><rpCntInfo><cntPhone><voiceNum>02 6274 1111</voiceNum><faxNum>02 6274 1666</faxNum></cntPhone><cntAddress><delPoint>GPO Box 787</delPoint><city>Canberra</city><adminArea>ACT</adminArea><postCode>2601</postCode><country>Australia</country><eMailAdd>marine.metadata@environment.gov.au</eMailAdd></cntAddress><cntOnlineRes><linkage>http://www.environment.gov.au/</linkage></cntOnlineRes></rpCntInfo><role><RoleCd value="007"></RoleCd></role></mdContact><dqInfo><dataLineage><statement>IMCRA v4.0 - meso-scale bioregions is based on IMCRA v3.3 with updates to the coastline, shelf break, a small boundary change in WA, and error corrections in NSW.

For IMCRA v3.3 two main approaches were used in integrating existing data received from State and Northern Territory marine conservation agencies:
1. Available regionalisation boundaries and descriptions were interpreted/integrated and transferred onto paper maps, and then these boundaries were digitised; and
2. Where local and sub-regional scale GIS data sets were available, these data/regions were aggregated to derive coarser meso-scale map unit boundaries using a combination of paper-based maps and GIS.

For IMCRA v4 the coastline was replaced with the national 100k coastline to provide greater consistency. Note this means that the inshore estuarine data for the NT is no longer included in IMCRA. The Australian EEZ limit was sourced from AMB v2. Based on a decision by the Bioregionalisation Working Group, the shelf break from IMCRA v3.3 was largely retained, although in some instances the shelf break from the NMB (National Marine Bioregionalisation) Provincial Bioregions was used. Updated boundaries for WA and NSW were incoporated based on data supplied from the relevent state agency.</statement><dataSource><srcCitatn><resTitle>Integrated Marine and Coastal Regionalisation of Australia (IMCRA) v4 - Meso-scale Bioregions (2006). © Commonwealth of Australia, Australian Government Department of Sustainability, Environment, Water, Population and Communities.</resTitle><resRefDate><refDate>20000101</refDate><refDateType><DateTypCd value="003"></DateTypCd></refDateType></resRefDate></srcCitatn></dataSource></dataLineage><dqReport><DQAbsExtPosAcc><measResult><ConResult><conSpec><resTitle>ERIN Check</resTitle><resRefDate><refDate>20000101</refDate><refDateType><DateTypCd value="003"></DateTypCd></refDateType></resRefDate></conSpec><conExpl>The data was compiled at scales varying between 1:100,000 and 1:2,500,000, giving a locational accuracy varying between 100-2,500 metres.</conExpl><conPass>1</conPass></ConResult></measResult></DQAbsExtPosAcc><DQNonQuanAttAcc><measResult><ConResult><conSpec><resTitle>ERIN Check</resTitle><resRefDate><refDate>20000101</refDate><refDateType><DateTypCd value="003"></DateTypCd></refDateType></resRefDate></conSpec><conExpl>The original IMCRA v3.3 attributes were assumed to be correct as received from State and Northern Territory contributors.
Attributes were simplified for v4.0 and include:
MESO_NAME = meso-scale bioregion name
MESO_NUM = meso-scale bioregion number
MESO_ABBR = meso-scale bioregion name abbreviation
WATER_TYPE = water type from NMB provincial bioregions
AREA_KM2 = area in square kilometres</conExpl><conPass>1</conPass></ConResult></measResult></DQNonQuanAttAcc><DQConcConsis><measResult><ConResult><conSpec><resTitle>ERIN Check</resTitle><resRefDate><refDate>20000101</refDate><refDateType><DateTypCd value="003"></DateTypCd></refDateType></resRefDate></conSpec><conExpl>IMCRA v4.0 incorporates a consistent coastline for all states and territories.</conExpl><conPass>1</conPass></ConResult></measResult></DQConcConsis><DQCompOm><measResult><ConResult><conSpec><resTitle>ERIN Check</resTitle><resRefDate><refDate>20000101</refDate><refDateType><DateTypCd value="003"></DateTypCd></refDateType></resRefDate></conSpec><conExpl>Spatial and attribute data is complete for all of Australia.</conExpl><conPass>1</conPass></ConResult></measResult></DQCompOm></dqReport><dqScope><scpLvl><ScopeCd value="005"></ScopeCd></scpLvl></dqScope></dqInfo></metadata>
